Title,Customers
AdministrativeAssistant,724
Administrator,1169
AssistantDirector,773
AssistantTeacher,546
Bookkeeper,697
Consultant,1440
Coordinator,3201
Director,12202
HeadTeacher,572
Instructor,580
Intern,693
LeadTeacher,587
Librarian,940
OfficeManager,839
President,1114
Principal,22958
Professor,961
ProgramAssistant,572
ProgramCoordinator,1718
ProgramDirector,1926
ProgramManager,1063
ProgramSupervisor,602
ProjectCoordinator,880
ProjectDirector,866
Secretary,4427
Student,1596
Superintendent,12521
Supervisor,1009
Teacher,66470
VicePrincipal,2771
